instance,N,energy,merit_factor,best-known,%_of_best,source,runs,wall_time_s,cpu_time_s,hardware,solver
LABS-2,2,1,2.0,1,100.0,optimum,100,0.0001,0.009,"AMD EPYC-Rome, 100 cores",Quicopt v0.2
LABS-3,3,1,4.5,1,100.0,optimum,100,0.0008,0.082,"AMD EPYC-Rome, 100 cores",Quicopt v0.2
LABS-4,4,2,4.0,2,100.0,optimum,100,0.0001,0.011,"AMD EPYC-Rome, 100 cores",Quicopt v0.2
LABS-5,5,2,6.25,2,100.0,optimum,100,0.0001,0.012,"AMD EPYC-Rome, 100 cores",Quicopt v0.2
LABS-6,6,7,2.57,7,100.0,optimum,100,0.0001,0.014,"AMD EPYC-Rome, 100 cores",Quicopt v0.2
LABS-7,7,3,8.17,3,100.0,optimum,100,0.0001,0.015,"AMD EPYC-Rome, 100 cores",Quicopt v0.2
LABS-8,8,8,4.0,8,100.0,optimum,100,0.0001,0.013,"AMD EPYC-Rome, 100 cores",Quicopt v0.2
LABS-9,9,12,3.38,12,100.0,optimum,100,0.0001,0.013,"AMD EPYC-Rome, 100 cores",Quicopt v0.2
LABS-10,10,13,3.85,13,100.0,optimum,100,0.0002,0.017,"AMD EPYC-Rome, 100 cores",Quicopt v0.2
LABS-11,11,5,12.1,5,100.0,optimum,100,0.0002,0.017,"AMD EPYC-Rome, 100 cores",Quicopt v0.2
LABS-12,12,10,7.2,10,100.0,optimum,100,0.0001,0.015,"AMD EPYC-Rome, 100 cores",Quicopt v0.2
LABS-13,13,6,14.08,6,100.0,optimum,100,0.0002,0.016,"AMD EPYC-Rome, 100 cores",Quicopt v0.2
LABS-14,14,19,5.16,19,100.0,optimum,100,0.0002,0.017,"AMD EPYC-Rome, 100 cores",Quicopt v0.2
LABS-15,15,15,7.5,15,100.0,optimum,100,0.0002,0.018,"AMD EPYC-Rome, 100 cores",Quicopt v0.2
LABS-16,16,24,5.33,24,100.0,optimum,100,0.0002,0.018,"AMD EPYC-Rome, 100 cores",Quicopt v0.2
LABS-17,17,32,4.52,32,100.0,optimum,100,0.0002,0.02,"AMD EPYC-Rome, 100 cores",Quicopt v0.2
LABS-18,18,25,6.48,25,100.0,optimum,100,0.0002,0.022,"AMD EPYC-Rome, 100 cores",Quicopt v0.2
LABS-19,19,29,6.22,29,100.0,optimum,100,0.0002,0.022,"AMD EPYC-Rome, 100 cores",Quicopt v0.2
LABS-20,20,26,7.69,26,100.0,optimum,100,0.0002,0.022,"AMD EPYC-Rome, 100 cores",Quicopt v0.2
LABS-21,21,26,8.48,26,100.0,optimum,100,0.0003,0.025,"AMD EPYC-Rome, 100 cores",Quicopt v0.2
LABS-22,22,39,6.21,39,100.0,optimum,100,0.0003,0.026,"AMD EPYC-Rome, 100 cores",Quicopt v0.2
LABS-23,23,47,5.63,47,100.0,optimum,100,0.0011,0.107,"AMD EPYC-Rome, 100 cores",Quicopt v0.2
LABS-24,24,36,8.0,36,100.0,optimum,100,0.0026,0.26,"AMD EPYC-Rome, 100 cores",Quicopt v0.2
LABS-25,25,36,8.68,36,100.0,optimum,100,0.0264,2.64,"AMD EPYC-Rome, 100 cores",Quicopt v0.2
LABS-26,26,45,7.51,45,100.0,optimum,100,0.0028,0.278,"AMD EPYC-Rome, 100 cores",Quicopt v0.2
LABS-27,27,37,9.85,37,100.0,optimum,100,0.3082,30.82,"AMD EPYC-Rome, 100 cores",Quicopt v0.2
LABS-28,28,50,7.84,50,100.0,optimum,100,0.0288,2.88,"AMD EPYC-Rome, 100 cores",Quicopt v0.2
LABS-29,29,62,6.78,62,100.0,optimum,100,0.0303,3.03,"AMD EPYC-Rome, 100 cores",Quicopt v0.2
LABS-30,30,59,7.63,59,100.0,optimum,100,0.0318,3.18,"AMD EPYC-Rome, 100 cores",Quicopt v0.2
LABS-31,31,67,7.17,67,100.0,optimum,100,0.1002,10.02,"AMD EPYC-Rome, 100 cores",Quicopt v0.2
LABS-32,32,64,8.0,64,100.0,optimum,100,0.0345,3.45,"AMD EPYC-Rome, 100 cores",Quicopt v0.2
LABS-33,33,64,8.51,64,100.0,optimum,100,0.1004,10.04,"AMD EPYC-Rome, 100 cores",Quicopt v0.2
LABS-34,34,65,8.89,65,100.0,optimum,100,0.1002,10.02,"AMD EPYC-Rome, 100 cores",Quicopt v0.2
LABS-35,35,73,8.39,73,100.0,optimum,100,0.0101,1.01,"AMD EPYC-Rome, 100 cores",Quicopt v0.2
LABS-36,36,82,7.9,82,100.0,optimum,100,1.0,100.03,"AMD EPYC-Rome, 100 cores",Quicopt v0.2
LABS-37,37,86,7.96,86,100.0,optimum,100,0.1002,10.02,"AMD EPYC-Rome, 100 cores",Quicopt v0.2
LABS-38,38,87,8.3,87,100.0,optimum,100,0.4457,44.57,"AMD EPYC-Rome, 100 cores",Quicopt v0.2
LABS-39,39,99,7.68,99,100.0,optimum,25,2.5,250.01,"AMD EPYC-Rome, 100 cores",Quicopt v0.2
LABS-40,40,108,7.41,108,100.0,optimum,25,1.14,114.39,"AMD EPYC-Rome, 100 cores",Quicopt v0.2
LABS-41,41,108,7.78,108,100.0,optimum,5,230.27,23026.8,"AMD EPYC-Rome, 100 cores",Quicopt v0.2
LABS-42,42,101,8.73,101,100.0,optimum,10,4.57,456.79,"AMD EPYC-Rome, 100 cores",Quicopt v0.2
LABS-43,43,109,8.48,109,100.0,optimum,10,4.82,481.68,"AMD EPYC-Rome, 100 cores",Quicopt v0.2
LABS-44,44,122,7.93,122,100.0,optimum,10,10.0,1000.0,"AMD EPYC-Rome, 100 cores",Quicopt v0.2
LABS-45,45,118,8.58,118,100.0,optimum,25,24.01,2401.03,"AMD EPYC-Rome, 100 cores",Quicopt v0.2
LABS-46,46,131,8.08,131,100.0,optimum,100,0.0484,4.84,"AMD EPYC-Rome, 100 cores",Quicopt v0.2
LABS-47,47,135,8.18,135,100.0,optimum,10,10.0,1000.0,"AMD EPYC-Rome, 100 cores",Quicopt v0.2
LABS-48,48,140,8.23,140,100.0,optimum,25,24.79,2479.16,"AMD EPYC-Rome, 100 cores",Quicopt v0.2
LABS-49,49,136,8.83,136,100.0,optimum,5,264.32,26432.4,"AMD EPYC-Rome, 100 cores",Quicopt v0.2
LABS-50,50,153,8.17,153,100.0,optimum,10,10.0,1000.01,"AMD EPYC-Rome, 100 cores",Quicopt v0.2
LABS-51,51,153,8.5,153,100.0,optimum,5,272.66,27266.4,"AMD EPYC-Rome, 100 cores",Quicopt v0.2
LABS-52,52,166,8.14,166,100.0,optimum,5,274.04,27404.4,"AMD EPYC-Rome, 100 cores",Quicopt v0.2
LABS-53,53,170,8.26,170,100.0,optimum,5,276.32,27632.4,"AMD EPYC-Rome, 100 cores",Quicopt v0.2
LABS-54,54,175,8.33,175,100.0,optimum,5,293.94,29394.0,"AMD EPYC-Rome, 100 cores",Quicopt v0.2
LABS-55,55,171,8.85,171,100.0,optimum,5,281.0,28100.4,"AMD EPYC-Rome, 100 cores",Quicopt v0.2
LABS-56,56,192,8.17,192,100.0,optimum,5,289.76,28976.4,"AMD EPYC-Rome, 100 cores",Quicopt v0.2
LABS-57,57,188,8.64,188,100.0,optimum,5,293.82,29381.6,"AMD EPYC-Rome, 100 cores",Quicopt v0.2
LABS-58,58,197,8.54,197,100.0,optimum,5,304.96,30496.4,"AMD EPYC-Rome, 100 cores",Quicopt v0.2
LABS-59,59,205,8.49,205,100.0,optimum,5,310.13,31013.2,"AMD EPYC-Rome, 100 cores",Quicopt v0.2
LABS-60,60,218,8.26,218,100.0,optimum,5,354.36,35436.0,"AMD EPYC-Rome, 100 cores",Quicopt v0.2
LABS-61,61,226,8.23,226,100.0,optimum,5,312.75,31274.8,"AMD EPYC-Rome, 100 cores",Quicopt v0.2
LABS-62,62,235,8.18,235,100.0,optimum,5,322.91,32291.2,"AMD EPYC-Rome, 100 cores",Quicopt v0.2
LABS-63,63,207,9.59,207,100.0,optimum,5,328.34,32833.6,"AMD EPYC-Rome, 100 cores",Quicopt v0.2
LABS-64,64,208,9.85,208,100.0,optimum,5,335.0,33500.0,"AMD EPYC-Rome, 100 cores",Quicopt v0.2
LABS-65,65,240,8.8,240,100.0,optimum,5,345.06,34506.4,"AMD EPYC-Rome, 100 cores",Quicopt v0.2
LABS-66,66,257,8.47,257,100.0,optimum,25,1025.82,102582.2,"AMD EPYC-Rome, 100 cores",Quicopt v0.2
LABS-67,67,273,8.22,241,88.28,Knauer 2004,5,346.23,34622.8,"AMD EPYC-Rome, 100 cores",Quicopt v0.2
LABS-68,68,250,9.25,250,100.0,Knauer 2004,5,356.21,35621.2,"AMD EPYC-Rome, 100 cores",Quicopt v0.2
LABS-69,69,274,8.69,274,100.0,Knauer 2004,5,392.58,39257.6,"AMD EPYC-Rome, 100 cores",Quicopt v0.2
LABS-70,70,295,8.31,295,100.0,Knauer 2004,5,396.52,39651.6,"AMD EPYC-Rome, 100 cores",Quicopt v0.2
LABS-71,71,327,7.71,275,84.1,Knauer 2004,5,370.27,37027.2,"AMD EPYC-Rome, 100 cores",Quicopt v0.2
LABS-72,72,300,8.64,300,100.0,Knauer 2004,45,1580.94,158094.0,"AMD EPYC-Rome, 100 cores",Quicopt v0.2
LABS-73,73,316,8.43,308,97.47,Knauer 2004,45,1705.9,170589.8,"AMD EPYC-Rome, 100 cores",Quicopt v0.2
LABS-74,74,349,7.85,341,97.71,Knauer 2004,45,1715.02,171502.2,"AMD EPYC-Rome, 100 cores",Quicopt v0.2
LABS-75,75,341,8.25,329,96.48,Knauer 2004,45,1850.4,185039.8,"AMD EPYC-Rome, 100 cores",Quicopt v0.2
LABS-76,76,362,7.98,334,92.27,Knauer 2004,5,437.54,43753.6,"AMD EPYC-Rome, 100 cores",Quicopt v0.2
LABS-77,77,394,7.52,358,90.86,Knauer 2004,5,426.69,42668.8,"AMD EPYC-Rome, 100 cores",Quicopt v0.2
LABS-78,78,411,7.4,347,84.43,Knauer 2004,5,436.93,43693.2,"AMD EPYC-Rome, 100 cores",Quicopt v0.2
LABS-79,79,407,7.67,339,83.29,Knauer 2004,5,444.78,44478.4,"AMD EPYC-Rome, 100 cores",Quicopt v0.2
LABS-80,80,384,8.33,352,91.67,Knauer 2004,5,455.73,45572.8,"AMD EPYC-Rome, 100 cores",Quicopt v0.2
LABS-81,81,408,8.04,372,91.18,Knauer 2004,5,468.0,46800.0,"AMD EPYC-Rome, 100 cores",Quicopt v0.2
LABS-82,82,457,7.36,377,82.49,Knauer 2004,5,480.2,48020.0,"AMD EPYC-Rome, 100 cores",Quicopt v0.2
LABS-83,83,437,7.88,377,86.27,Knauer 2004,5,470.48,47048.4,"AMD EPYC-Rome, 100 cores",Quicopt v0.2
LABS-84,84,466,7.57,430,92.27,Knauer 2004,5,479.74,47973.6,"AMD EPYC-Rome, 100 cores",Quicopt v0.2
LABS-85,85,482,7.49,414,85.89,Knauer 2004,5,484.04,48404.0,"AMD EPYC-Rome, 100 cores",Quicopt v0.2
LABS-86,86,471,7.85,439,93.21,Knauer 2004,5,487.66,48766.0,"AMD EPYC-Rome, 100 cores",Quicopt v0.2
LABS-87,87,491,7.71,431,87.78,Knauer 2004,5,499.69,49969.2,"AMD EPYC-Rome, 100 cores",Quicopt v0.2
LABS-88,88,528,7.33,448,84.85,Knauer 2004,5,523.54,52353.6,"AMD EPYC-Rome, 100 cores",Quicopt v0.2
LABS-89,89,516,7.68,432,83.72,Knauer 2004,5,535.71,53571.2,"AMD EPYC-Rome, 100 cores",Quicopt v0.2
LABS-90,90,565,7.17,453,80.18,Knauer 2004,5,561.13,56113.2,"AMD EPYC-Rome, 100 cores",Quicopt v0.2
LABS-91,91,589,7.03,477,80.98,Knauer 2004,5,546.74,54674.0,"AMD EPYC-Rome, 100 cores",Quicopt v0.2
LABS-92,92,578,7.32,490,84.78,JPMorgan 2025,5,564.35,56435.2,"AMD EPYC-Rome, 100 cores",Quicopt v0.2
LABS-93,93,618,7.0,486,78.64,Knauer 2004,5,571.52,57152.4,"AMD EPYC-Rome, 100 cores",Quicopt v0.2
LABS-94,94,635,6.96,499,78.58,Knauer 2004,5,582.94,58294.0,"AMD EPYC-Rome, 100 cores",Quicopt v0.2
LABS-95,95,659,6.85,479,72.69,Knauer 2004,5,615.44,61544.4,"AMD EPYC-Rome, 100 cores",Quicopt v0.2
LABS-96,96,628,7.34,520,82.8,Knauer 2004,5,631.85,63184.8,"AMD EPYC-Rome, 100 cores",Quicopt v0.2
LABS-97,97,636,7.4,536,84.28,Knauer 2004,45,3250.5,325050.2,"AMD EPYC-Rome, 100 cores",Quicopt v0.2
LABS-98,98,601,7.99,529,88.02,JPMorgan 2025,5,629.54,62954.4,"AMD EPYC-Rome, 100 cores",Quicopt v0.2
LABS-99,99,725,6.76,553,76.28,JPMorgan 2025,5,648.94,64894.4,"AMD EPYC-Rome, 100 cores",Quicopt v0.2
LABS-100,100,630,7.94,578,91.75,Knauer 2004,50,4048.61,404860.8,"AMD EPYC-Rome, 100 cores",Quicopt v0.2
